DrugName,DrugUID,pathway,HasAssociationWithGDSC1
"""Nutlin-3a (-)""","""c139bd16-2ae2-49e8-a4d5-92a1f433a8b4""","""p53 pathway""",true
"""I-BRD9""","""2b306949-f4f3-44dd-85e2-2fea794c458b""","""Chromatin other""",false
"""EGFR_8897""","""405e3319-d4f6-47d4-8e6b-e0063552accd""","""EGFR signaling""",false
"""MG-132""","""aba47e8c-7464-4654-9eb5-6bceb1ebe471""","""Protein stability and degradation""",true
"""Dasatinib""","""db1c7a61-d602-4386-a9f4-4608692bc60f""","""Other, kinases""",true
"""AZD6094""","""aafe674d-56c5-4f37-aa3d-5b0458858bee""","""RTK signaling""",true
"""MIRA-1""","""bdd41113-92fa-4cb1-904e-89fd37160b6a""","""p53 pathway""",false
"""AZ6102""","""70ff705d-e1d3-4e22-ad5b-22963841610c""","""WNT signaling""",false
"""Paclitaxel""","""ddba2f31-3542-46fb-84ca-0417219bcbe2""","""Mitosis""",true
"""Ipatasertib""","""82ef7b9f-e975-410a-901b-4acf74d3058d""","""PI3K/MTOR signaling""",false
"""Docetaxel""","""064781ff-7711-41f3-8963-f6e376c7d626""","""Mitosis""",true
"""SYK_9721""","""1e4b116c-83d7-44d4-bb37-27cc3416a7de""","""Other, kinases""",false
"""EGFR_5383""","""e4a1903a-000f-4c22-8986-42b935975d10""","""EGFR signaling""",false
"""YK-4-279""","""7120f24c-0058-4045-9a73-05b9804de6f6""","""Other""",true
"""Pictilisib""","""8bbec9ed-c779-4062-9994-c4acc305ec4c""","""PI3K/MTOR signaling""",true
"""R428""","""3d6410de-7995-4419-9a2e-86a5b0c144b5""","""RTK signaling""",false
"""Brigatinib""","""5090f7f0-ab67-4ce6-a14c-e638ed9bd1ee""","""EGFR signaling""",false
"""MK-2206""","""0ddad223-88e0-4cfd-a439-d52389a0ef8e""","""PI3K/MTOR signaling""",true
"""Paclitaxel (0.005)""","""841c0f3a-a70a-4b55-954e-8154c26c2fba""","""Mitosis""",true
"""Obatoclax Mesylate""","""381cb3f0-3a7d-4458-a8ec-97ec01a9ce7f""","""Apoptosis regulation""",true
"""EPZ011989""","""32709bcd-259d-4fbe-967e-0d48d6e87d7a""","""Chromatin histone methylation""",false
"""STAT3_2372""","""1c4419d1-dd29-4b13-a2fb-e9c2b7ddec86""","""Other""",false
"""AZD5582""","""7174f2ff-c048-47d4-aa51-469cd9ab6f76""","""Apoptosis regulation""",true
"""SN-38""","""fa20b2c0-86bc-4a6e-a3a3-ef8b4a15bd70""","""DNA replication""",true
"""Daporinad""","""033eb0b1-d4c5-4fae-9b8b-f7f560dd064c""","""Metabolism""",true
"""Rigosertib""","""bf62576b-0854-4213-b1ea-32895ef82f88""","""Cell cycle""",false
"""AZD5363""","""63cee737-6a6c-435f-b837-e56c5faa1d53""","""Other, kinases""",false
"""Avagacestat""","""0222aa84-edc7-4c1c-b24d-7ac54037bb06""","""Other""",true
"""NVP-TAE684""","""fdb6dc07-e0ed-488a-af81-c3821ee305f0""","""RTK signaling""",true
"""Camptothecin""","""2d28c304-8b8a-4f98-b2ea-52c024cf50f7""","""DNA replication""",false
"""Mirin""","""b2e9534b-3ea1-4b22-866b-2f0464efe387""","""Genome integrity""",true
"""FR-180204""","""36edd791-8bef-474f-9865-568f4308f100""","""ERK MAPK signaling""",true
"""Sepantronium bromide""","""8f2a6fbf-475c-4d8b-a3e9-d3deef0d9418""","""Apoptosis regulation""",true
"""Afuresertib""","""d56b637a-c3e6-45ed-b93b-09559a46fd96""","""PI3K/MTOR signaling""",false
"""MZ1""","""e65e172a-d281-49f5-ad72-7b61eb692372""","""Chromatin other""",false
"""Veliparib""","""57bf9185-6802-48f4-a1d6-4b0837fa5987""","""Genome integrity""",true
"""eEF2K Inhibitor, A-484954""","""bbd06835-08ab-4a66-85fd-6eece7426e9c""","""Other, kinases""",true
"""Tretinoin""","""45f508ec-dda8-4167-8ba7-a10c90cf1c76""","""Other""",true
"""Bortezomib""","""acda6228-d03f-469c-8e5e-f9398ca1989d""","""Protein stability and degradation""",true
"""Savolitinib""","""97507e3c-a233-4e8b-abbf-3602bb732bc7""","""RTK signaling""",false
"""PLK_6522""","""bab00ba6-68bc-4bac-a85a-edc9fff1588b""","""Cell cycle""",true
"""Saracatinib""","""d664a586-2af8-48d6-b5d3-61c72942e9d6""","""Other, kinases""",true
"""Foretinib""","""9545ab14-06ed-419f-b35d-2d07605ca48e""","""RTK signaling""",true
"""Z-LLNle-CHO""","""870871fd-e08b-479c-afc4-4c8c139f2731""","""Other""",true
"""TW 37""","""999f63a2-31fc-475c-88a5-2703c80996a8""","""Apoptosis regulation""",true
"""Trametinib""","""4607f023-d90e-4f3b-b37b-30c7e10236d0""","""ERK MAPK signaling""",true
"""BMS-536924""","""a6efc220-9815-4620-ab6d-6f65da9d71a3""","""IGF1R signaling""",true
"""EGFR_7518""","""c6a026ac-eff9-414b-9ba6-fe74c75af81e""","""EGFR signaling""",false
"""MK-1775""","""ebbdd064-b28b-4fa1-a7a3-d624200dd3c2""","""Cell cycle""",false
"""Imatinib""","""9b1fa986-6d9f-447c-983d-0f14330d4cfd""","""RTK signaling""",true
"""Piperlongumine""","""30a3288c-832c-45a6-b460-1e4eced2073f""","""Other""",true
"""VX-11e""","""d097dfcf-e2bb-4249-b0eb-dd3b018cc292""","""ERK MAPK signaling""",true
"""Capivasertib""","""0d01a5a1-f5dc-49d3-818c-93ac4cf4127c""","""PI3K/MTOR signaling""",true
"""RO-3306""","""1b7a08e8-2e98-4b16-9b23-cc1ed6fc3093""","""Cell cycle""",true
"""GW441756""","""609ecda1-8a81-43e9-9747-d0e95f846cc0""","""RTK signaling""",true
"""BCL6_7224""","""c9b110b5-be6c-410d-b53e-0b8da3727b6b""","""Apoptosis regulation""",false
"""Carboplatin""","""5e795e90-a7d2-4206-ac48-42ec3f294a80""","""DNA replication""",false
"""RAF_7242""","""1ed02230-525b-46b7-878c-a8684f87fa59""","""ERK MAPK signaling""",false
"""KRASi""","""fd1978e4-88bd-44e1-b3a4-ed8c5ef0afe4""","""ERK MAPK signaling""",false
"""Vismodegib""","""49ae8645-90ab-4371-8eea-ad191460b77a""","""Other""",true
"""Methotrexate""","""31a3e2ba-a8a9-4a60-85a2-edeb7c5ddd4b""","""DNA replication""",true
"""AT13148""","""62c89011-4a2a-4aca-b753-8363f31d0f45""","""PI3K/MTOR signaling""",false
"""AZD8186""","""ed9b5ff9-1719-42ad-9518-8f42616b2a84""","""PI3K/MTOR signaling""",true
"""Alpelisib""","""063743c6-a9c9-4e5d-9f6d-e33286b4c73d""","""PI3K/MTOR signaling""",false
"""S-crizotinib""","""8fb5a0c7-fe4b-444d-8f40-b4ccba95455f""","""DNA replication""",false
"""PARP_9482""","""8979941d-c8ba-40f9-983f-5620f6b857a9""","""Genome integrity""",true
"""Pelitinib""","""2d8ec2e5-012f-4f59-8e50-bee03caa745d""","""EGFR signaling""",true
"""SB505124""","""f1cb86ff-c7af-43fc-8d47-1cc63ba270a8""","""RTK signaling""",true
"""Danusertib""","""3f1560e9-3f0e-4469-87b3-015af39e528f""","""Other""",false
"""Sapatinib""","""d2a8dff5-a47d-4d22-b3d6-a5e069a1f727""","""EGFR signaling""",false
"""MK-8776""","""82968dbf-ece7-43cd-8502-f0f7385917a0""","""Cell cycle""",false
"""KU-55933""","""be638d86-a97c-4c34-9bf6-f19a03c829bd""","""Genome integrity""",true
"""PLX-4720""","""03fdfe5b-dde0-4785-add4-230f8ddceacd""","""ERK MAPK signaling""",true
"""IOX2""","""e539cfaf-bada-46be-90f2-a5be3f1768af""","""Other""",true
"""LIMK1 inhibitor BMS4""","""605f72e4-9bfe-4cf3-ae77-960f276d3173""","""Cytoskeleton""",true
"""WEHI-539""","""9aa8fd54-5952-4adb-87bd-93fc9c567969""","""Apoptosis regulation""",false
"""JAK3_7406""","""fedc7ae6-ad8d-4da1-ab00-47fd7fe2d8c3""","""Other, kinases""",true
"""Menin_MLL_8687""","""46a8dbbe-cf79-4dff-82f2-1a171229c66e""","""Other""",false
"""PARP_0108""","""d60d950c-9976-403e-beaa-df30b409a152""","""Genome integrity""",true
"""Cediranib""","""355e1a29-b717-4194-8c1d-66a22697d768""","""RTK signaling""",false
"""CCT251545""","""18de636d-f1c9-4f98-b577-f625381f3eba""","""Cell cycle""",false
"""Cytarabine""","""71b1401b-b7a4-445e-97f5-203999de943e""","""Other""",true
"""Luminespib""","""fd857fac-57b7-424d-a37c-887b38ef0ebb""","""Protein stability and degradation""",true
"""Sphingosine Kinase 1 Inhibitor II""","""0943b690-628f-482c-95df-5166b0b8a38f""","""Other, kinases""",true
"""SB590885""","""e92503eb-d028-4676-8cb3-647e14d3ed0d""","""ERK MAPK signaling""",true
"""AZD6738""","""448d2844-3eb5-4561-8f85-24642e7246af""","""Genome integrity""",true
"""Selisistat""","""faeaa6f5-858c-421a-bf2c-c1bcf1b559cb""","""Chromatin histone acetylation""",true
"""CAP-232, TT-232, TLN-232""","""486dde1b-4a1a-4876-97c9-9a58cb7f8a33""","""Metabolism""",true
"""Palbociclib""","""cd59a731-60a9-42d7-b963-2ee4203d8171""","""Cell cycle""",true
"""ABT737""","""58c76aff-b999-443d-bd07-07566949bc54""","""Apoptosis regulation""",false
"""A-196""","""16f868a2-9a8c-4dc5-b0fe-154d7b17a6cf""","""Chromatin histone methylation""",false
"""OSU-03012""","""644bf594-e4dc-4dc2-b161-0d1132ac1939""","""Metabolism""",true
"""Capmatinib""","""ee515ec2-bf53-40b7-b80d-5c7424ab01ae""","""RTK signaling""",false
"""Lestaurtinib""","""6c78ce3e-c9f7-487f-ad03-a5b56bdbe7d7""","""Other, kinases""",true
"""5-Fluorouracil""","""1a8bc176-8c74-4c45-8080-a1808d344ac4""","""Other""",true
"""ASLAN002""","""70f7c168-8a95-468c-948c-99bb7bef33f2""","""RTK signaling""",false
"""AZD5991""","""7cc012a1-12b7-44b1-82ca-ae49d425078e""","""Apoptosis regulation""",false
"""Rucaparib""","""35e995dc-6ef5-45e0-9c6c-fd6b0cb3a052""","""Genome integrity""",true
"""Telomerase Inhibitor IX""","""8c5fafef-1491-4ef4-8baa-fc0e70131824""","""Genome integrity""",false
"""ETP-45835""","""551a0266-3aa2-44a4-9b45-4fd6ad3a3079""","""Other, kinases""",true
"""Bleomycin (50 uM)""","""939cbdb4-bea8-4f51-b6fe-dea59e93728f""","""DNA replication""",true
"""Epirubicin""","""f126aa1f-7a1e-4b5b-93e8-7b993c423684""","""DNA replication""",false
"""Talazoparib""","""b447ca53-43ce-4aac-87aa-a54d8a7797c9""","""Genome integrity""",true
"""Mcl1_6386""","""de3596ac-a339-4e8f-807b-a1e9c9afcf42""","""Apoptosis regulation""",false
"""AZD7969""","""00e88c0e-f842-4455-b676-e7769c8f60ae""","""WNT signaling""",true
"""Gemcitabine""","""9c4925f8-8d21-4062-ace4-0c1c9d1653dc""","""DNA replication""",true
"""NU7441""","""af3c1d4c-0675-46a6-96e8-f5f62239e39c""","""Genome integrity""",true
"""Wee1 Inhibitor""","""0cbce8ec-c6c0-4c2c-b3be-8a14c857ad76""","""Cell cycle""",true
"""QL-X-138""","""cf55cee1-79a3-4907-9a4c-5c3c944aa9c8""","""Other, kinases""",true
"""AS601245""","""36db6f0b-3b4a-49ad-b250-91b199fa58fc""","""JNK and p38 signaling""",true
"""Vinblastine""","""96f194a4-20c7-4dd9-96dc-f96d332e8a09""","""Mitosis""",true
"""Cymarine""","""101c4701-a8c8-4060-baeb-042e7136765d""","""Other""",true
"""Doramapimod""","""3aa37a25-0be1-4952-8c49-a231c22fe819""","""JNK and p38 signaling""",true
"""AZD4547""","""0cee85e3-46b0-410f-ab01-ded2957cf071""","""RTK signaling""",true
"""UNC1215""","""4b4ba28d-89ce-446e-ac9b-9b3f79f85746""","""Chromatin other""",true
"""Dabrafenib (1373) + Trametinib (1372)""","""ffa4cc46-3071-4cb7-9b42-dfcedb7a2ea2""","""Other""",true
"""Ara-G""","""8d1c3534-2e10-4da8-8192-78deaaee1b02""","""Other""",true
"""MS023""","""5fe22266-b83b-44b1-ac89-5b7f367fdab5""","""Chromatin histone methylation""",false
"""IRAK4_7891""","""6eb880e3-8ba9-4348-91e5-1600a8f6ba8d""","""Other, kinases""",false
"""Lasalocid""","""5c3ad05c-f986-4513-a55e-6b6e44e397f5""","""Other""",true
"""Staurosporine""","""36970b82-a53e-4049-bb77-e8f7ce486718""","""RTK signaling""",false
"""BCLXL_3202""","""ce270a86-f3ae-4c7e-ae28-a09d1df11cec""","""Apoptosis regulation""",false
"""CGI1746""","""df24ad89-5b0c-4304-9b56-4385fa1169f7""","""Other, kinases""",false
"""Olaparib""","""0c93c59a-5cbc-4854-a3ac-420ee031fb08""","""Genome integrity""",true
"""Panobinostat""","""b48d5c01-d980-40cf-a447-967e77b8b415""","""Chromatin histone acetylation""",true
"""Picolinici-acid""","""5a774930-c1b5-4e7e-bb61-dcc14634b07a""","""Other""",false
"""Embelin""","""841b6dfc-4f48-423a-8da4-6a5539177f1c""","""Apoptosis regulation""",true
"""PD173074""","""1e0c5d3c-0bc2-4cce-ba40-60a1aa17b907""","""RTK signaling""",true
"""LGK974""","""84ae88bd-8f93-427d-bf01-4e41d47f5b45""","""WNT signaling""",true
"""AZD4205""","""40acb22c-6f06-4e69-84ed-e95d551fc1cc""","""Other, kinases""",false
"""Irinotecan""","""49b66031-a4ae-4c1f-95da-57477aa0f408""","""DNA replication""",false
"""CCT007093""","""fcccc799-21e6-43cc-ad9f-feddb3392e6a""","""Cell cycle""",true
"""Seliciclib""","""94d4ddf0-3d3f-484f-bdb5-848644306842""","""Cell cycle""",true
"""Mitomycin-C""","""8a215501-e90e-4786-87c7-97c6b5c4172b""","""DNA replication""",true
"""Menin_MLL_8690""","""2b9a47b0-5d07-4130-a7a9-19d9d25b87c9""","""Other""",false
"""RAF_9304""","""8cd2c6b7-ecd7-423e-8abd-bc5130de2185""","""ERK MAPK signaling""",true
"""Dyrk1b_0191""","""c935c1b1-c574-4fb9-bebd-e72b5937632b""","""Other, kinases""",true
"""Nilotinib""","""0c5eff6f-533e-4a8f-9c24-8cde921d4021""","""ABL signaling""",true
"""AZD1480""","""541cb7e0-8158-4f99-9802-918c9c85d934""","""Other, kinases""",true
"""NSC-207895""","""1de6bf77-f454-448f-9dc8-6a566b6d3209""","""p53 pathway""",true
"""Mcl1_7350""","""3d98e91e-cad1-4639-bdf4-80896fed75c0""","""Apoptosis regulation""",false
"""ML216""","""d9e582d4-b5db-42cd-948f-3dc800354f42""","""Genome integrity""",false
"""Vorinostat""","""06722fea-4c96-4049-acf7-208fb634c22b""","""Chromatin histone acetylation""",true
"""BAM7""","""27e67828-2aba-4f9d-9c0a-0c91ca70ab20""","""Other""",true
"""Navitoclax""","""a8d917ef-5e78-4587-a41a-fd4eb3a4f719""","""Apoptosis regulation""",true
"""Brivanib, BMS-540215""","""6b4a271f-29c6-4e0e-a761-f07f950406e7""","""RTK signaling""",true
"""PI-103""","""37f653f2-e298-4a9a-99ea-a935ad9cefd4""","""PI3K/MTOR signaling""",true
"""LJI308""","""240278e3-504c-4cb4-a449-5dd88632dbde""","""PI3K/MTOR signaling""",false
"""Gefitinib""","""6ee4e813-80ee-4fa1-8602-5ae18eb938f2""","""EGFR signaling""",true
"""Crizotinib""","""b1fb79d3-3e1e-4e2d-b960-0dc33e1381bf""","""RTK signaling""",true
"""Abemaciclib""","""d509aede-200b-463f-be50-c150858dbbd7""","""Cell cycle""",false
"""Ruxolitinib""","""d73ee340-a5b4-4673-bc5b-b82e994acab2""","""Other, kinases""",true
"""Tepotinib""","""56238a3e-1cfd-48ec-8fc8-7e75ab58d8cc""","""RTK signaling""",false
"""Bosutinib""","""467934f3-0e79-4f8b-afe7-d424e0f8a7e4""","""Other, kinases""",true
"""Erlotinib""","""faf5619b-3e31-4602-b2f4-5be679912116""","""EGFR signaling""",true
"""AZD6482""","""6d76f1f7-ced2-462e-b93a-62290f5293d0""","""PI3K/MTOR signaling""",true
"""PD0325901""","""b269755e-c994-4a03-b5ac-a09c9d6f68ba""","""ERK MAPK signaling""",true
"""IAP_7638""","""4f38834d-328d-4ea8-8c1e-12e132d33332""","""Other""",true
"""Entinostat""","""86a7d302-aa37-4572-b980-5eff19fe5046""","""Chromatin histone acetylation""",true
"""BIX-02188""","""e2fe32b4-5446-4ba7-b81e-16b47d7f8ccb""","""ERK MAPK signaling""",false
"""AZD7762""","""b1903d02-8014-48ac-a3eb-d237d48bcc8d""","""Cell cycle""",true
"""AC220""","""3dfb9ab5-2589-4fdb-a946-8a7aab97d960""","""RTK signaling""",false
"""AGI-5198""","""e4617456-edcf-4489-9c70-832cb18e8588""","""Metabolism""",false
"""Taselisib""","""6948db00-ec19-4125-a82d-def4bc43eadc""","""PI3K/MTOR signaling""",false
"""AMG-319""","""f3f39d9e-97d5-44d3-8be6-a0c0a924e8af""","""PI3K/MTOR signaling""",false
"""XAV939""","""1c850e16-8bbf-40b4-9b52-5386f68d3386""","""WNT signaling""",true
"""Bexarotene""","""3686e97a-9f42-4abc-ae98-2d0982151d89""","""Other""",true
"""Tanespimycin""","""6d461b49-bfe7-4f5f-b106-eba84417e43d""","""Protein stability and degradation""",true
"""Afatinib""","""fe7a5cc6-3628-448c-9796-d2167a4cc5b5""","""EGFR signaling""",true
"""Sonolisib""","""369c49c9-b749-4043-b990-443014f18166""","""PI3K/MTOR signaling""",false
"""Phenformin""","""b8154fd1-61bd-40fd-819b-0ac487ea425e""","""Other""",true
"""Linsitinib""","""620bae7b-420b-4182-a6da-52cbc52e726c""","""IGF1R signaling""",true
"""FEN1_3940""","""9b433c80-b937-4b77-853f-655108eae545""","""Genome integrity""",true
"""EPZ5676""","""47bc7563-a253-4d10-9ef8-2bef75292eb9""","""Chromatin histone methylation""",false
"""Cisplatin""","""58a7b867-2d1e-40e4-9e22-58986f6830d5""","""DNA replication""",true
"""Ulixertinib""","""9889d3b4-293c-451e-a35c-3641af030db7""","""ERK MAPK signaling""",false
"""Cabozantinib""","""caae1f07-919f-4a9f-bb4b-91b686bccb9a""","""RTK signaling""",true
"""Tozasertib""","""a9a0e505-3a54-4918-ae90-80ce4f80d3fe""","""Mitosis""",true
"""Ceritinib""","""218216b2-4971-42cb-b349-3ea0b9acd75c""","""RTK signaling""",false
"""EI1""","""b264491b-8e86-49fc-9282-fb7a25a23ad0""","""Chromatin histone methylation""",false
"""JNK-IN-8""","""86ceef85-89ab-49a8-895a-4945f6e2239c""","""JNK and p38 signaling""",false
"""WYE-125132""","""51291db1-4b4c-418e-a265-eb2307652878""","""PI3K/MTOR signaling""",true
"""Alisertib""","""21af11fc-99aa-4321-8942-c63b155437b6""","""Mitosis""",true
"""Temozolomide""","""12d836a2-a91b-46d8-8785-25af60ba20e5""","""DNA replication""",true
"""Motesanib""","""9bb76659-5f7b-4788-9cc7-5ae2441dc82a""","""RTK signaling""",true
"""Vinorelbine""","""d2d186b5-79b9-48a6-ba4e-ef341e79d601""","""Mitosis""",true
"""Dactinomycin""","""94175e72-afc9-4670-9124-5848f10350cc""","""Other""",false
"""CHIR-99021""","""935f151e-6c5b-415a-9142-dd4fcdbdad0d""","""WNT signaling""",true
"""MCL1_8070""","""66ff534c-5d9d-41f6-90eb-4621a3860e25""","""Apoptosis regulation""",false
"""Rapamycin""","""af6ed0a5-6552-49a6-9bcd-c3e673da9fb8""","""PI3K/MTOR signaling""",true
"""ACY-1215""","""bcacb7f9-0ee6-489b-9771-62323e43c1b5""","""Chromatin histone acetylation""",true
"""PHA-793887""","""9333943e-8934-4760-be59-118f682ffccd""","""Cell cycle""",true
"""KIT_6754""","""8feeab62-4e10-4b17-a154-2edae2ca8578""","""RTK signaling""",false
"""Kobe2602""","""cbb2c03f-fb56-4524-ac1f-7dd9f84fd565""","""RTK signaling""",true
"""CI-1033""","""db3abf8b-8303-4668-b962-08e6e0fbe596""","""RTK signaling""",true
"""Romidepsin""","""96b32749-48ca-4c15-8c1f-a637befdf889""","""Chromatin histone acetylation""",false
"""I-BET151""","""967cf1bc-54d8-4b29-8c09-51a09526c912""","""Chromatin other""",false
"""GSK591""","""3157e05b-2270-4999-b15b-a960523b5f2a""","""Chromatin histone methylation""",false
"""Linifanib""","""79a96cdb-9ffc-48d9-8450-acbb54acae97""","""RTK signaling""",true
"""EPZ004777""","""1a631973-2fe3-484f-a0e7-9f0ef855df11""","""Chromatin histone methylation""",false
"""AZD3759""","""b1bbac70-6bff-4f2f-8d1e-d5b8727d7c3b""","""EGFR signaling""",false
"""Volasertib""","""1a85a9e0-15d4-46ed-aea7-fc421358a683""","""Cell cycle""",false
"""Fulvestrant""","""2e16ee0e-097c-475f-8d39-9b3c7f68efd5""","""Hormone-related""",true
"""SCH772984""","""d7910cbb-3871-4acf-870f-fc7a3d97653a""","""ERK MAPK signaling""",false
"""GSK2292767""","""369b5e29-26f6-457a-9a50-544893045893""","""PI3K/MTOR signaling""",false
"""PFI3""","""9643d1de-4653-40f2-bac3-c2ed50d5edd8""","""Chromatin other""",false
"""AZ628""","""5674a061-2d31-4e7b-af6d-b59e7521f876""","""ERK MAPK signaling""",true
"""Buparlisib""","""935e4531-c864-4967-ad26-dc61cad871cc""","""PI3K/MTOR signaling""",false
"""MCT1_6447""","""099019b0-ad1e-4595-acfb-ed52afbb2c1a""","""Cell cycle""",true
"""TPCA-1""","""c849d284-2f24-4b0b-bce4-c291a6467cb3""","""Other, kinases""",true
"""PFI-1""","""51cc2a71-0b17-4afe-a584-46cb1873c920""","""Chromatin other""",true
"""G-5555""","""1032dbd8-00f9-4a7a-a028-de45587bf17e""","""Other, kinases""",false
"""NVP-ADW742""","""932715f9-dd71-4a72-aa6e-e5b1c8e94b22""","""IGF1R signaling""",false
"""Axitinib""","""305bdaea-c7ff-43ad-a491-247f8a6c0e9c""","""RTK signaling""",true
"""LDN-193189""","""8f461c94-97f8-4e41-9102-534b7d3dc705""","""Other""",true
"""UNC0642""","""43b54aa2-4cd5-413b-9a90-7ee80823fc61""","""Chromatin histone methylation""",true
"""ERK_6197""","""66080402-37ba-4988-bac4-91aa65215102""","""ERK MAPK signaling""",false
"""SL0101""","""3b272f74-f1a0-4552-9ca7-e2b78ced5771""","""Other, kinases""",true
"""Omipalisib""","""5ba3e589-99bc-4fe6-b118-da8ff5f7ee92""","""PI3K/MTOR signaling""",true
"""Refametinib""","""0e77db59-5e06-4948-abdd-d87226f65a57""","""ERK MAPK signaling""",true
"""KIT_7208""","""7d1691ce-2ad6-4171-8e50-8ab1799dacf0""","""RTK signaling""",false
"""Selumetinib""","""e5277ce9-b13c-4473-ae15-5179691e9a5c""","""ERK MAPK signaling""",true
"""P22077""","""b2f994ed-aca1-4064-8718-eb48c06c401c""","""Protein stability and degradation""",false
"""EHT-1864""","""0d8fe3e5-2050-43fc-9180-c00be464f783""","""Cytoskeleton""",true
"""FTI-277""","""521e11ad-5d72-4ae9-9b01-cb914021440c""","""Other""",true
"""Bryostatin 1""","""ddedaa8b-fd64-4723-af3a-2e94f9b12b84""","""Other""",true
"""(R)-PFI-2""","""ce72fd10-b7fd-4485-8313-73138288a05e""","""Chromatin histone acetylation""",false
"""I-BET-762""","""7647b248-83db-4a3c-8f76-b2c1ed2d71f3""","""Chromatin other""",true
"""Lapatinib""","""d7f95264-8e51-451b-9668-01e22d74ada7""","""EGFR signaling""",true
"""NPK76-II-72-1""","""20d1fc99-9952-424e-b8f7-631cd4fa9d86""","""Cell cycle""",true
"""TL-2-105""","""cc090d51-e0be-4cd1-a29b-62452efb893f""","""Other""",true
"""AS605240""","""98f3bc9f-0dc3-43c4-bac0-61cb75ac91d5""","""PI3K/MTOR signaling""",true
"""Senexin B""","""df6e87e1-f75b-44ea-af61-d53919a47a50""","""Cell cycle""",false
"""Venetoclax""","""9799d872-bd0b-4d53-871a-75c415588abc""","""Apoptosis regulation""",false
"""ZM447439""","""63d49f93-4195-4442-86b6-6a7b388bd20b""","""Mitosis""",true
"""GSK690693""","""6b7dcddf-f2df-4b57-a7fe-c2b2e888c6f3""","""PI3K/MTOR signaling""",true
"""KIN001-236""","""35f14611-e889-4b0d-aa73-883291df3999""","""RTK signaling""",true
"""Ginkgolide A""","""db65cbfd-0f0f-482e-8cc9-d69729b45461""","""Other""",true
"""Ribociclib""","""e7a4dc62-7982-4543-8b5f-dd891458c3c9""","""Cell cycle""",false
"""BVD523""","""3f7e290e-c59f-4f45-aac6-3470def959e5""","""ERK MAPK signaling""",false
"""BMX-IN-1""","""4909b490-1e1b-40f5-8bc2-7fa29033e77a""","""Other, kinases""",false
"""Tipifarnib""","""f66c5f02-c69d-4d7b-a851-5284ed91a3e3""","""Other""",true
"""Ispinesib Mesylate""","""4974f250-6a39-4087-af2d-271db6af7803""","""Mitosis""",true
"""E7449""","""be3774f7-48e5-4494-a874-0d5699aac245""","""Other""",false
"""Pexidartinib""","""8f74a4e9-009d-45ff-b1fc-c3b0d08593bc""","""RTK signaling""",false
"""SB52334""","""d7810c98-8620-4ccc-aaee-cfe889718369""","""Other, kinases""",true
"""RU-SKI 43""","""d2e68f91-6906-46d0-8ad7-3a0d681576d3""","""Other""",true
"""AZD3514""","""47721ec7-698a-4322-8e2e-27d7fa09dca6""","""Hormone-related""",true
"""IRAK4_8366""","""94bcb5e5-4707-417d-8e26-b355eb2df93f""","""Other, kinases""",false
"""Prexasertib""","""d0053524-88ee-493b-b678-e633943e726d""","""Cell cycle""",false
"""DMOG""","""70e81f43-3010-4842-8d2f-f0e3799d7bc5""","""Metabolism""",true
"""KIN001-244""","""3ee2f328-077b-4cfe-81a8-5cf4e708769d""","""Metabolism""",true
"""Bleomycin""","""2f85e4bd-a9e9-4d12-99db-ab02ff4b27d9""","""DNA replication""",true
"""Temsirolimus""","""930da4c5-dcc0-4744-b8db-f64e48470b03""","""PI3K/MTOR signaling""",true
"""Masitinib""","""ebf40463-42fc-4149-9c00-d4491d7cd371""","""RTK signaling""",true
"""CP-724714""","""c5cc16b8-1fdb-4d43-b304-b7ac4026ed87""","""EGFR signaling""",false
"""Pevonedistat""","""c0086167-a95a-4b95-bbf9-ea84942e32af""","""Other""",true
"""BAY-598""","""cf61856f-1b50-4210-94c8-a710535ea5ca""","""Chromatin histone methylation""",false
"""Kobe0065""","""7913a0a6-2125-4710-8625-87f9702c746c""","""ERK MAPK signaling""",false
"""Tubastatin A""","""8c482db8-b53e-4da9-91ab-7f7f36a3b270""","""Chromatin histone acetylation""",true
"""UNC0638""","""7dd2ecd7-f6e4-4a1b-8db3-fe99b86aef0d""","""Chromatin histone methylation""",true
"""LCL161""","""a6044938-4192-4a5a-9b55-9fbd70bfba0f""","""Apoptosis regulation""",true
"""Pazopanib""","""f80f580b-eae7-4ca5-ae11-0d9b19997b9b""","""RTK signaling""",true
"""GSK-LSD1-2HCl ""","""68f38bf3-b94f-4731-b44a-69a91ef77874""","""Chromatin histone methylation""",false
"""GSK583""","""4b1c222f-e94b-4b79-8336-a3f7a2de7274""","""Other, kinases""",false
"""ERK_5330""","""e5ea7ef9-de57-401a-9b56-82f8d0b4bf58""","""ERK MAPK signaling""",false
"""AZD0156""","""0fe80fba-e44d-43ee-9b03-8fff2b5ed9a7""","""Genome integrity""",false
"""CPI-169""","""12c8724f-357e-473c-bc6e-f0691665a603""","""Chromatin histone methylation""",false
"""AST-1306""","""0b03a5b3-dd8d-4df8-a982-4a4a7a11ca94""","""RTK signaling""",true
"""Torin 2""","""2ab09c92-e383-4379-b1d6-1ccfe1fd8007""","""PI3K/MTOR signaling""",true
"""Voxtalisib""","""ee4efe33-6827-4173-8110-84ef09411023""","""PI3K/MTOR signaling""",true
"""Dactolisib""","""a99d2148-d0be-423e-a28c-cf8b23f8996f""","""PI3K/MTOR signaling""",true
"""Bicalutamide""","""80d01204-ea59-404c-be01-4e21040062d5""","""Hormone-related""",true
"""THZ-2-49""","""c515e210-e418-49d3-a122-bdb5c9b6743d""","""Cell cycle""",true
"""TANK_1366""","""02568e36-b735-43cb-a781-07d08244d97f""","""Genome integrity""",true
"""BMS-509744""","""cbb5b514-b307-4393-a7f7-1ec7a9cf95b9""","""Other, kinases""",true
"""BIBR-1532""","""5996dae7-6d0f-4e7c-976f-0d7467670447""","""Genome integrity""",false
"""GSK484""","""a2a2f2e9-ecc0-4190-8196-928b532b1eb0""","""Other""",false
"""RVX-208""","""8ac6266d-bd1b-4eb5-9401-bfddd3270fcd""","""Chromatin other""",false
"""Dabrafenib""","""5d8b1971-cede-497f-848c-7d4bc71931a2""","""ERK MAPK signaling""",true
"""Poziotinib""","""974c842f-0b11-4a0a-8d3d-1e4a34144678""","""RTK signaling""",false
"""FTY-720""","""787a784d-03d3-4891-80c9-73f2c0697643""","""Other""",true
"""Olaparib(1495) + Temozolomide(1375)""","""6a69f259-206d-4cba-a7a2-dc33c80fb699""","""Other""",true
"""CP724714""","""8929a3b9-a956-4d0a-8929-913cacc4fa3e""","""RTK signaling""",true
"""Etoposide""","""240e6951-ce00-43bf-aae3-ae8f65779ff4""","""DNA replication""",true
"""VE821""","""cd085c2c-bf15-4d4e-a9b7-7ba88c709964""","""Genome integrity""",false
"""JQ1""","""8f01e5bb-4aa9-40c1-b5fa-9c12413638a6""","""Chromatin other""",true
"""KIT_5808""","""61f03c71-d020-4d44-9aa8-21236cf5dd77""","""RTK signaling""",false
"""ZSTK474""","""6fd5ca4e-861a-4306-8213-b91b69210422""","""PI3K/MTOR signaling""",true
"""AZD8835""","""4e928f93-f6e4-4efd-a3e0-6bcdb1f6d60a""","""PI3K/MTOR signaling""",true
"""rTRAIL""","""2a850246-f596-402b-912c-d1a4af754f4b""","""Apoptosis regulation""",true
"""IPA-3""","""93eddd3f-933f-4ad4-a07a-13f38838d73c""","""Cytoskeleton""",true
"""CCT244747""","""b2d6d93f-a346-4dbb-9f7c-ebdb74b953f0""","""Cell cycle""",false
"""Midostaurin""","""12793ed2-e0cf-4f89-8394-15927a75cce9""","""Other""",true
"""AZD1332""","""edf1e021-d8d4-45d5-a692-7a6a43ebd572""","""RTK signaling""",true
"""BI-9564""","""bd64b4ca-9595-4c82-9485-9bccde2c9760""","""Chromatin other""",false
"""Sunitinib""","""1d3d9a77-5a03-46d1-ade5-2c04ec584434""","""RTK signaling""",true
"""SMG1_1789""","""1ab0431f-7961-4189-a93f-252a48e38685""","""Other, kinases""",false
"""KIN001-260""","""eee7452a-c393-4b4d-a8a1-5a19386aa39e""","""Other, kinases""",true
"""XMD14-99""","""5bc1e8e4-a26d-4759-b36f-386d7ff66e89""","""Other, kinases""",true
"""Latamoxef""","""778df731-2c5c-4e26-9b48-857514d39ccb""","""Other""",true
"""UNC-2025""","""19dbc7f8-da05-4165-88dc-633c647705e2""","""RTK signaling""",false
"""NVP-BHG712""","""bfceab21-43b4-4cb1-bf46-8e9571aab714""","""RTK signaling""",true
"""CDK7_8454""","""764812f9-216a-43b7-aaca-9c327f6f5bdb""","""Cell cycle""",false
"""NVS-PAK1-1""","""c44733cd-2cf8-4cd4-b231-f5109280b5a5""","""Cytoskeleton""",false
"""PF-562271""","""35e5cd76-5753-4a93-9035-b71dd5e6b4e6""","""Cytoskeleton""",true
"""PF-3644022""","""3a243a9b-4c1e-4793-a7c9-58bb074955ba""","""ERK MAPK signaling""",false
"""GSK2578215A""","""354889a0-8bae-4382-8097-ce434d945149""","""Other, kinases""",false
"""Rociletinib""","""d66d87d0-e5ed-4928-a84c-6f5461cd3c38""","""EGFR signaling""",false
"""BAY-61-3606""","""85ef3dda-d374-4055-9ba1-9b5c4b0f5498""","""Other, kinases""",true
"""GSK269962A""","""73b0cbd8-27aa-4655-8a6a-6b8feefa5ca4""","""Cytoskeleton""",true
"""CDK12_2242""","""d727b9b1-e496-4390-85c7-292bd7fe39d7""","""Cell cycle""",false
"""SB216763""","""e5b90bbd-47ed-482e-9260-943822c3f1e3""","""WNT signaling""",true
"""GSK481""","""73a2cd17-a1d7-47cd-9474-b6f5b64e9160""","""Other, kinases""",false
"""Shikonin""","""bffb39c6-2e6c-415d-ad04-f040fccbfd77""","""Other""",true
"""Cyclopamine""","""7c171b5c-4182-4222-bb55-f6be794925bb""","""Other""",true
"""Apitolisib""","""74de5e69-e7d9-4cec-99ea-9d49daeb7771""","""PI3K/MTOR signaling""",true
"""Trichostatin A""","""4611e742-d895-488a-836d-b153ecf7480b""","""Chromatin histone acetylation""",true
"""EGF816""","""d02c1fa9-4530-42af-abe8-0e3ed8780c03""","""EGFR signaling""",false
"""Sapanisertib""","""567e6478-91f4-489d-9091-b66a9a27d649""","""PI3K/MTOR signaling""",false
"""AZD4877""","""9ffd6757-edd7-4e8c-a173-44d02cb686a6""","""Mitosis""",true
"""WIKI4""","""303c3c72-3ca6-45f2-b99e-8d94e1945dda""","""WNT signaling""",false
"""Osimertinib""","""8054a2d8-d8e8-4003-9215-169d5b3e50ee""","""EGFR signaling""",false
"""JW-7-52-1""","""d36ad181-bc13-41b6-9e2d-776d70948175""","""PI3K/MTOR signaling""",true
"""BPD-00008900""","""0992cb08-b5af-4ec2-8a90-71a2ceac5c3f""","""Other""",false
"""TL-1-85""","""b8b7bcf7-35ef-4d90-8bef-38e41f2083b2""","""Other, kinases""",true
"""CAY10566""","""c83c0f50-f338-42ac-9bcb-660557aff8be""","""Other""",true
"""C-75""","""59dbe227-c593-498e-804e-8c899b2acb06""","""Apoptosis regulation""",true
"""CA3""","""29875a99-5d80-479a-b4eb-2cf50abe93ff""","""Other""",false
"""FH535""","""51d2ca89-dd1b-40ff-b287-e52e9ca71ff4""","""Other""",true
"""OSI-027""","""62b2e7ca-ab2c-47b5-b7d6-bba0e172e978""","""PI3K/MTOR signaling""",true
"""Picrotin""","""ac566a14-e437-47a3-9186-de368fd3b243""","""Other""",true
"""WH-4-023""","""f591dba1-0b81-4da9-a818-6084295f60f8""","""Other, kinases""",true
"""QL-VIII-58""","""8b0b42a8-d20d-4190-91bd-0b8d33111c5e""","""Other""",true
"""ICL1100013""","""d0814785-b9ad-448d-84c9-d030ba982f40""","""Other""",true
"""AKT inhibitor VIII""","""6aa03399-506b-4a49-9f4d-26135b2d3bc5""","""PI3K/MTOR signaling""",true
"""PFI-3""","""2d1134ae-f13f-4b04-98a7-5cdd41eea74b""","""Chromatin other""",true
"""AZ20""","""29fb7e29-9d07-4dde-af45-96659138b251""","""Genome integrity""",true
"""IGFR_3801""","""23efe373-21c8-43ae-b571-f24a6dee0b9a""","""IGF1R signaling""",true
"""Merestinib""","""ae1a8d7c-a5c5-4f79-83bc-ec5fdbe9ebfc""","""RTK signaling""",false
"""AT-7519""","""c51d0b1a-9610-467f-b5b8-f100c2c13d20""","""Cell cycle""",true
"""BMS-754807""","""007a553c-13e7-48c5-91b5-c9045131c143""","""IGF1R signaling""",true
"""GDC0810""","""bb0cc5a2-7f41-49f2-ac50-68be6f29df43""","""Hormone-related""",false
"""BAZ2-ICR""","""0b9ca43f-7b42-4b96-94f7-c850fb1bdc05""","""Chromatin other""",false
"""Deltarasin""","""21f9307c-176e-48cc-8ae8-79c2923611f6""","""ERK MAPK signaling""",false
"""RGFP966""","""2c32ea2d-e819-4c06-8dba-e419fdeec1e1""","""Chromatin histone acetylation""",false
"""JNK Inhibitor VIII""","""a88c0f39-9282-48b1-ae85-9710ab692852""","""JNK and p38 signaling""",true
"""SYK_1543""","""76b73477-63c6-4917-902e-cfd24ebe027a""","""Other, kinases""",false
"""CDK12_5078""","""3f4ac368-a072-48f7-b45d-eaf28969c342""","""Cell cycle""",false
"""EGFR_0300""","""d22a67b6-8b32-4a82-8851-95ad8773b917""","""EGFR signaling""",false
"""Cyclophosphamide""","""2c14c359-8d0a-49da-952f-2a1bc0a4c5d2""","""DNA replication""",false
"""Pemetrexed""","""4d068fee-53a4-492b-ac73-642570a13a3b""","""DNA replication""",true
"""Novobiocin-sodium""","""615487f8-db46-42c3-b6aa-caf457d0f388""","""Other""",true
"""XMD8-85""","""50c5e43b-1ab3-4188-9857-ee1834285444""","""Other""",true
"""PDGFR_5313""","""7869b4f3-43d4-47f9-bffb-9435029bab2f""","""RTK signaling""",false
"""A-1155463""","""b255953f-f82b-46a1-8f13-3e23a7a4bb11""","""Apoptosis regulation""",false
"""Entrectinib""","""0050a473-e623-44ac-96e5-47b1ba9f5ded""","""RTK signaling""",false
"""HG-9-91-01""","""58a4167a-96bf-4536-a267-cca9d738aec3""","""Other, kinases""",false
"""EphB4_9721""","""d21488b6-43ef-43f6-9bb2-b68ee65cd8c4""","""RTK signaling""",true
"""DBeQ""","""b417cf64-1724-4bc9-aa1a-2159602593c3""","""Other""",true
"""AZD5438""","""1c4a17a0-bc45-494b-9a4d-4cfe1c78eca6""","""Cell cycle""",true
"""SGX-523""","""14c7d15f-cab8-422e-8954-3bbd976f93fa""","""RTK signaling""",false
"""CUDC-101""","""830c278a-2ff4-45a9-945e-6e1ef692984d""","""Other""",true
"""MN-64""","""94f70128-b08c-4822-a733-81a5a0417b78""","""WNT signaling""",false
"""Venotoclax""","""4fd48b58-1824-49e3-bd22-3446f02d51cf""","""Apoptosis regulation""",true
"""(5Z)-7-Oxozeaenol""","""15fc7977-6698-41e0-bd97-1d777312819b""","""Other, kinases""",true
"""IAP_5620""","""c5a09146-8680-4001-b62d-95663a637c84""","""Other""",true
"""GNF-2""","""7f8074fc-f243-4fd6-a023-762e47a9e793""","""ABL signaling""",true
"""HG6-64-1""","""74e0a013-3f98-4c18-948a-7895e9a74498""","""ERK MAPK signaling""",true
"""MCL1_1284""","""e622388a-020a-4a4a-85bd-ef61a545f776""","""Apoptosis regulation""",false
"""GSK650394""","""eb8efb1a-7215-4a05-929c-a083928d3fd3""","""Other, kinases""",true
"""Doxorubicin""","""3356fa3c-b35a-414f-bba5-40fc0b1e5258""","""DNA replication""",true
"""AZD8931""","""3fa3c9c9-b434-4b9c-8e60-1809e8ee0b0b""","""RTK signaling""",true
"""PF-06747775""","""e3051949-cec7-4ada-bac1-755f3b558c22""","""EGFR signaling""",false
"""Amuvatinib""","""21c1df4c-1228-4b21-b98c-333cd19c595e""","""RTK signaling""",true
"""VH298""","""f5040cb0-6e9e-4282-9c82-90729e78534a""","""Protein stability and degradation""",false
"""MPS-1-IN-1""","""fef916f6-3c28-4fc4-881a-577d1c0a8911""","""Mitosis""",true
"""Tenovin-6""","""e2edbfb7-7730-467b-b64b-8c6563aa79fe""","""Chromatin histone acetylation""",true
"""AMG900""","""fe00b0f6-763c-4ce8-9277-4a5b1d270e89""","""Mitosis""",false
"""NSC-87877""","""27c3a046-69ee-4d44-901c-4573609aa882""","""Other""",true
"""Serdemetan""","""e507eeae-b940-4117-97bc-d35d7888dbcd""","""p53 pathway""",true
"""AZD2014""","""ced354cb-a3b0-42eb-ac1c-353dff0830e8""","""PI3K/MTOR signaling""",true
"""Lenalidomide""","""d27867ee-3869-475c-9491-2721fad9387c""","""Protein stability and degradation""",true
"""ARRY-520""","""cadbf1c1-6eca-4a2f-b8e5-816f1909d379""","""Mitosis""",true
"""PDGFR_0615""","""7a035f69-ae5d-4742-bc17-13bd6b3281f7""","""RTK signaling""",false
"""Tubacin""","""90b4c009-ed0d-4886-ab9f-2bd089c80e23""","""Chromatin histone acetylation""",false
"""RK-33""","""9c4e5f19-476a-4fcd-892a-95cbb2f5a40b""","""Other""",false
"""TGX221""","""1a07245a-0f4a-4e3d-9e14-ffcb089d8aa9""","""PI3K/MTOR signaling""",true
"""CGP-082996""","""c2910ba5-74fa-44f6-beaf-a8c68d237337""","""Cell cycle""",true
"""Quizartinib""","""0b9c98ea-b2ca-4c09-90af-f84558a5c8ca""","""RTK signaling""",true
"""Uprosertib""","""1eb26a71-4eb8-4e6c-a86d-da32635aa60e""","""PI3K/MTOR signaling""",false
"""PF-00299804""","""dfe3a5b2-47b8-4a87-bba2-9a1da7c92371""","""RTK signaling""",true
"""PRT062607""","""216808f8-c017-4e35-b269-6eb7c9f826d0""","""Other, kinases""",false
"""PD0166285""","""adb24edd-782a-448c-8fed-0f7296e07699""","""Cell cycle""",false
"""BIBF-1120""","""d0838b66-2806-4fad-8653-79d782d23b58""","""RTK signaling""",true
"""Epothilone B""","""c8086eaf-f12e-4adb-a2a8-bd13b958c8aa""","""Mitosis""",true
"""CD532""","""016a7fea-55fe-4f9e-88f0-d390e71566de""","""Mitosis""",true
"""Tivozanib""","""bdc817bd-9b92-44af-afaa-4c6aa03658ac""","""RTK signaling""",true
"""ERK_5051""","""f9e73e3c-adb8-4587-8131-e51c6ed35b09""","""ERK MAPK signaling""",false
"""Pyrimethamine""","""3807fca1-e363-4e51-86b3-890f1fdbda6c""","""Other""",true
"""MIK-665 / S-64315""","""07845f8d-a277-40a0-ab84-278fc4c34d65""","""Apoptosis regulation""",false
"""Everolimus""","""d354bebe-12a7-4e0f-9650-eb346fb35c54""","""PI3K/MTOR signaling""",false
"""GSK1059615""","""1627458a-09c2-4c1e-971a-d702770e9b00""","""PI3K/MTOR signaling""",true
"""Idelalisib""","""aa5e6db5-cc0f-42b0-a9b0-91f6c422c008""","""PI3K/MTOR signaling""",true
"""Anastrozole""","""546df63a-5ba6-4e6a-8859-8ffe5ad808ae""","""Hormone-related""",false
"""PRIMA-1""","""bd961469-02f0-4ce8-957f-5722646b6e61""","""p53 pathway""",false
"""AZD1775""","""bf150b12-8a8f-4f1e-b416-640879634801""","""Cell cycle""",false
"""Serabelisib""","""f67676c4-6b74-4272-a51d-85326ea41659""","""PI3K/MTOR signaling""",false
"""CDK12_1992""","""002b04a7-a24f-4291-9cc6-e8d3a75dce40""","""Cell cycle""",false
"""Ponatinib""","""24531fd3-7b7c-45c3-9de9-3f3e06b69bf4""","""Other, kinases""",true
"""Dinaciclib""","""d814ac2e-c758-4db6-8a8c-2d418778c67c""","""Cell cycle""",false
"""GSK319347A""","""de164eaa-9440-4c33-a18e-3f087b97166a""","""Other, kinases""",true
"""Enzastaurin""","""42439bbc-c47d-4465-abe2-cc4246994fa1""","""Other, kinases""",true
"""S63845""","""e7c0d461-9ab1-4c1b-abf1-0252caa334fb""","""Apoptosis regulation""",false
"""FGFR_3831""","""d59aad27-f75c-4388-86e3-148362266152""","""RTK signaling""",true
"""AICA Ribonucleotide""","""5804e4ad-454a-4565-9327-0ec923ca5295""","""Metabolism""",true
"""Paclitaxel (0.001)""","""a2fa3f28-b1f8-4f98-96e6-6e0fa3b790fa""","""Mitosis""",true
"""Pilaralisib""","""ec6f827f-9653-4e19-bcd3-f0dc69e5b71c""","""PI3K/MTOR signaling""",true
"""kb NB 142-70""","""244b18f4-76f9-4e90-8a01-85118746974b""","""Other, kinases""",true
"""A-366""","""ebb04f61-1c51-4d67-a286-e05c462a3fbc""","""Chromatin histone methylation""",false
"""WZ-1-84""","""90b21b33-024a-43d7-af2a-d16c10950c89""","""Other, kinases""",true
"""Zibotentan""","""78634973-ab93-4de6-b950-c577ead4e2ad""","""Other""",true
"""UMI-77""","""2d6483e6-f940-4cc8-b67a-669e72086b13""","""Apoptosis regulation""",false
"""CPI-613""","""97d6fd2a-bd71-4130-bfa1-556594436a45""","""Other""",true
"""AR-42""","""1b10ae4a-f1ba-47ad-b802-2ee0429dd1ba""","""Chromatin histone acetylation""",true
"""MK-5108""","""e0329bb3-a857-4484-afa6-43bdb77e5d96""","""Mitosis""",false
"""BLU9931""","""e8a242b6-9f1f-4a1e-88f3-fd12edf327e4""","""RTK signaling""",false
"""CGP-60474""","""dfa9482e-b99a-45d4-b0c4-87afbad6e054""","""Cell cycle""",true
"""Sabutoclax""","""6838e276-8630-41d8-a622-e05711ddb39b""","""Apoptosis regulation""",false
"""ACY-738""","""69e4a5d9-899e-408e-9022-1ba052ab3b43""","""Chromatin histone acetylation""",false
"""GNE7915""","""b590e370-da6f-4301-aa14-c4bd18974ada""","""Other, kinases""",false
"""GSK1904529A""","""643c310a-748b-4fa7-84bf-cf303b9cadd0""","""IGF1R signaling""",true
"""Parthenolide""","""a8a5a92c-2d1e-43f1-a50d-ed96c5f2127c""","""Chromatin histone acetylation""",true
"""LY2584702""","""8603eff4-a08f-4d80-a717-3136622d1768""","""RTK signaling""",false
"""KU-60019""","""2724828a-21bc-498d-93f0-31e557873c8f""","""Genome integrity""",true
"""GDC-0879""","""7ee4677c-b587-4ae9-99cd-95624e83513e""","""ERK MAPK signaling""",false
"""GNE-317""","""b956f3fe-7395-4976-88dd-3b34703376e4""","""PI3K/MTOR signaling""",false
"""AZD8055""","""80ecf198-5396-4aba-abc2-fad4c740844f""","""PI3K/MTOR signaling""",true
"""BI-2536""","""6967e36a-3641-40fe-b607-8ff4b59cd7ab""","""Cell cycle""",true
"""A-1210477""","""07ea2ab2-cbb2-4b32-b881-55419293ed12""","""Apoptosis regulation""",false
"""Sorafenib""","""779d9b37-ad70-4446-acd9-16d1c9920c27""","""Other, kinases""",true
"""Dacinostat""","""fb92bc82-d897-47ff-8999-155dc4bea25c""","""Chromatin histone acetylation""",true
"""CPI-360""","""28eb47e6-c5ea-42ad-a9b6-fd0e0a679eb6""","""Chromatin histone methylation""",false
"""Mycophenolic acid""","""bd2fedb1-3715-49e6-ae98-bfca06b1e96a""","""Unclassified""",false
"""THZ-2-102-1""","""2184f6ec-2746-4610-bf05-2f0cbad2f82a""","""Cell cycle""",true
"""Thapsigargin""","""339d270a-0608-4fca-afd6-e3fb5161fc1e""","""Other""",true
"""SGC707""","""57eec3a7-7b69-4cfb-92b3-b4ff8458e2ce""","""Chromatin histone methylation""",false
"""KIN001-042""","""d62bbee0-0a49-4fc2-b184-04ef27c5d57e""","""WNT signaling""",true
"""SGC0946""","""ffb2822d-a648-4503-ab4e-5fd210ef7537""","""Chromatin histone methylation""",true
"""Belinostat""","""0aac91fa-9901-49e5-bd36-0cd31102e009""","""Chromatin histone acetylation""",true
"""PF-3758309""","""3e360bec-51f6-462d-aacf-3796e841fe5c""","""Cytoskeleton""",false
"""GW-2580""","""806abbf7-8d8a-4d83-9294-0ca64638d4f6""","""RTK signaling""",true
"""Tamoxifen""","""962d509f-af23-482c-83d9-bfd26a9af172""","""Hormone-related""",true
"""GW843682X""","""ba252179-efed-4468-8836-5e7142dd94ac""","""Cell cycle""",true
"""CCT-018159""","""0c3a8b46-442e-4c73-95f9-c95200954b3d""","""Protein stability and degradation""",true
"""eCF309""","""ebacf974-1376-4a74-92aa-5da90a3e5755""","""PI3K/MTOR signaling""",false
"""PARP_9495""","""633bc337-23c6-4bb6-a540-db74d49b6e90""","""Genome integrity""",true
"""XMD15-27""","""c3e70409-b4d4-4158-a51e-9134e883d5e4""","""Other, kinases""",true
"""CP466722""","""46d13c6c-9217-44db-9e8c-4ebe8a70a157""","""Genome integrity""",true
"""GSK2334470""","""1573d414-eff7-4fcc-a653-9ddd27fc2c01""","""Other, kinases""",false
"""AT7867""","""0ea65571-88bd-4618-aeb1-79ccfa72311e""","""PI3K/MTOR signaling""",true
"""Oxaliplatin""","""eff8d8e3-4255-4671-b5ec-c509e9e705a7""","""DNA replication""",false
"""OICR-9429""","""5fd390bb-dbd5-4604-9061-300c34110d8e""","""Chromatin other""",false
"""Barasertib""","""3192e557-a8c8-4a66-9348-3bfd70dfcb7c""","""Mitosis""",false
"""PRIMA-1MET""","""2aefa75f-081f-4127-bc05-45b60539e292""","""p53 pathway""",false
"""CAY10603""","""0197ab4a-f723-487a-bf4b-c2f6b9a82385""","""Chromatin histone acetylation""",true
"""EPZ015666""","""e4ffb5e6-2cdd-4c5d-8eb6-1dbb114e1ab8""","""Chromatin histone methylation""",false
"""PIM447""","""1174ecf2-7c02-4a39-8c0d-d16c3d993372""","""Other, kinases""",false
"""S-Trityl-L-cysteine""","""b0150a00-2fed-4619-b285-a300d76bfc9a""","""Mitosis""",true
"""A-443654""","""78683791-6be6-4e3f-86c6-39fe83e33e0f""","""PI3K/MTOR signaling""",true
"""KRAS (G12C) Inhibitor-12""","""ffba0a90-4aed-46ee-9f1f-1ea2dfb1ffd1""","""ERK MAPK signaling""",false
"""FGFR_0939""","""2e956726-e277-4775-9358-36973b9d3e35""","""RTK signaling""",true
"""P5091""","""4dd96b40-e69c-46d7-a23c-f885dc270821""","""Protein stability and degradation""",false
"""NSC319726""","""f7addc18-9086-4bad-b838-cca41cfec5ab""","""p53 pathway""",true
"""PAC-1""","""83bc9e68-3b3e-4e98-a9da-a2cda6ab00d0""","""Apoptosis regulation""",true
"""LLY-507""","""05e26dad-dfd5-45b7-9267-49e4ebbb0cd5""","""Chromatin histone methylation""",false
"""CX-5461""","""b4c9f019-440c-4f85-8d61-0092f075b132""","""Other""",true
"""A-83-01""","""250aab38-5eb4-40a6-a72c-47957a27fc68""","""Other""",true
"""BI-7273""","""8cd8b57b-d673-4932-a2d6-bd701ef0338d""","""Chromatin other""",false
"""Salvinorin A""","""3c3274a5-402e-4c83-b707-a11078e69908""","""Other""",false
"""BX795""","""cc0386a2-6f4a-4aed-9883-e78071bbf3ed""","""Other, kinases""",true
"""JQ12""","""42ab340f-e6e3-48c6-907c-3bc141d121d3""","""Chromatin histone acetylation""",true
"""Fedratinib""","""ca7b0c48-f782-486a-ad3a-682a53d1428c""","""Other, kinases""",true
"""VX-702""","""acae2bb3-c454-484a-bb18-a0fede7d3727""","""JNK and p38 signaling""",true
"""SNX-2112""","""9bf148fe-1908-4ff8-98bd-d867f3179863""","""Protein stability and degradation""",true
"""PDD00017273""","""ecaefc09-2192-4177-b1ff-c9aa41ad157d""","""Genome integrity""",false
"""HG-5-113-01""","""8cbd3389-abf0-453a-ad1b-6e54c4527098""","""Other""",true
"""ML323""","""5c3fc53c-5216-4415-b41a-348e4947bbdc""","""Protein stability and degradation""",false
"""PLX7904""","""778fa42b-9a97-4e12-8539-8db80b171a80""","""ERK MAPK signaling""",false
"""THZ1""","""3371da6e-12cb-4e5f-8aae-0f485813803c""","""Cell cycle""",false
"""AZ191""","""b720b3fb-bf6c-4c3b-8602-a6c7d04ae8dd""","""Other, kinases""",false
"""LLY-283""","""03687952-3ef5-4ee0-a60c-b93a40c31843""","""Chromatin histone methylation""",false
"""Skepinone-L""","""d3e3110d-f238-4d27-a6b9-891e73286d0e""","""JNK and p38 signaling""",false
"""BX-912""","""a4b0eba5-d8b1-4798-af7f-b28a6a110441""","""PI3K/MTOR signaling""",true
"""PI3Ka_4409""","""58d4a685-6930-4024-befb-343ea08253ec""","""PI3K/MTOR signaling""",true
"""KIN001-270""","""6512a2e3-173a-4673-8b80-ad914cc4d6b4""","""Cell cycle""",true
"""Entospletinib""","""91fd96f3-d689-4544-8c2b-56d1fc0e47c7""","""Other, kinases""",false
"""PIK-93""","""7cfa3088-9776-43d8-8e69-5acfb7d68547""","""PI3K/MTOR signaling""",true
"""BPTES""","""d6fa8b6b-ae5b-43af-af83-32290b97d3d5""","""Other""",true
"""TWS119""","""f34fb3dd-b265-4666-bd2a-87b28de99975""","""WNT signaling""",true
"""HG-5-88-01""","""cbdcbb8e-d1e1-4ac1-82b9-bb162b6bde97""","""Other, kinases""",true
"""GSK126""","""08a07aad-87d6-4b18-ac3c-5487ddf08e8c""","""Chromatin histone methylation""",false
"""WZ3105""","""52c3ba88-a86d-45f6-983a-309555eaf0a8""","""Other""",true
"""AGI-6780""","""1607bdad-f42d-4ae8-acc0-8debeec86476""","""Metabolism""",true
"""VER-155008""","""42304e58-b8ab-4c2d-b0c5-fa672a6e1b6e""","""Protein stability and degradation""",true
"""Ravoxertinib""","""03a98494-5653-428a-87c8-16c5783464cd""","""ERK MAPK signaling""",false
"""UNC2025""","""5d386975-df92-4c57-9cce-e3076a44a399""","""RTK signaling""",false
"""Tenalisib""","""44b2dca4-4544-488e-91b5-fab446d61dd9""","""PI3K/MTOR signaling""",false
"""Fenretinide""","""8150ab53-f7cf-471d-b711-289c26edbad0""","""Other""",false
"""Alectinib""","""f6831261-53c1-409f-a479-0a8c3651c4c5""","""RTK signaling""",true
"""BMS-911543""","""934b598e-46d1-4a81-9860-c911d9a76f81""","""Other, kinases""",false
"""VX-745""","""1a5a165e-31e1-4e16-b93c-1593ec25783c""","""JNK and p38 signaling""",false
"""GNF-5""","""40a9c3ed-a38c-481e-a6ca-336591505bfc""","""ABL signaling""",false
"""MetAP2 Inhibitor, A832234""","""788f78ef-6ead-4290-88f2-911ca8a565fc""","""Other""",true
"""Cetuximab""","""46e1d7ea-397b-4e0d-92e2-60c006dcad93""","""EGFR signaling""",true
"""CI-1040""","""68147655-8e67-4117-b894-fb578dd588e8""","""ERK MAPK signaling""",true
"""Daraprim""","""15f7e7fb-747c-495b-8a01-557f64a23e70""","""Genome integrity""",false
"""TTK_3146""","""c108f61f-b0e4-4c55-a1a1-5f0785e9f6bb""","""Mitosis""",true
"""PLK4_0066""","""4c576034-46cf-4504-9e9c-e9f992727b7d""","""Cell cycle""",false
"""MCT4_1422""","""74b84076-2d1c-4cf9-bc74-33993dd2459d""","""Other""",true
"""MIM1""","""4616cea8-0ce9-4955-8c47-bd15a6ef06d0""","""Apoptosis regulation""",true
"""IRAK4_1495""","""9da76c2e-d098-49d9-b511-b4c669fce3f8""","""Other, kinases""",false
"""Bleomycin (10 uM)""","""8a6a5f4c-1b4b-4a9e-abdd-0165034429d0""","""DNA replication""",true
"""entospletinib""","""982890b6-70ee-4e75-a7c4-49760462a2c6""","""Other, kinases""",false
"""Olmutinib""","""51056bf9-c61f-410b-861e-9c0cc45aaa8a""","""EGFR signaling""",false
"""EAI045""","""acc3ab8b-40a1-4242-bde1-3d10f2f0e96a""","""EGFR signaling""",false
"""AZD1390""","""e8c341bf-9138-48f4-9d2e-f89ef46eb278""","""Genome integrity""",false
"""Wnt-C59""","""81c9aeb7-0987-47a8-8df7-581b8345e858""","""WNT signaling""",true
"""A-770041""","""de0cb7e3-7811-4ecc-9894-5f378d7e6c8f""","""Other, kinases""",true
"""Elesclomol""","""78395dfc-394b-4d46-a340-3e97a2db8dd9""","""Protein stability and degradation""",true
"""Tirapazamine""","""314df1c2-a96b-4eea-96b3-c194785531a5""","""Other""",false
"""Pyridostatin""","""3a56fbf9-be42-4e0c-9399-edb9a7c0f449""","""DNA replication""",false
"""Flavopiridol""","""512884a1-4db2-4b3d-a38d-26ccde33f8d5""","""Cell cycle""",true
"""WHI-P97""","""5afb73d3-f3d2-40e4-a0ef-f3df459ec726""","""Other, kinases""",true
"""GSK864""","""acd1a1f3-d40d-4308-9015-9afa9f04d82f""","""Metabolism""",false
"""QL-XII-61""","""0cae536b-3018-4ece-ab88-7a6bb12c3a43""","""Other, kinases""",true
"""STF-62247""","""3a2e6f48-7905-479a-b13f-866d63796a11""","""Other""",true
"""Regorafenib""","""95118f63-b709-406b-953d-6b35e022f85e""","""RTK signaling""",false
"""PF-CBP1""","""e4b162d9-f623-4530-ba25-0fd85ba1a718""","""Chromatin other""",false
"""YM201636""","""f077b82a-4373-420e-bf4b-e2c4c5030982""","""PI3K/MTOR signaling""",true
"""VNLG/124""","""790d3866-9c0a-4fb7-8e2c-e99452964010""","""Chromatin histone acetylation""",true
"""Ibrutinib""","""b175fccf-1b84-4be0-9f7f-6d244b53b4c5""","""Other, kinases""",false
"""IMD-0354""","""97dd9373-32d7-4245-822e-dfea2f8922cc""","""Other, kinases""",true
"""GSK2830371""","""30e7d047-fedc-41b3-8bc0-9855e45f5743""","""Other""",false
"""EPZ-6438""","""36c2523c-f5fb-4cf1-b466-654e76ccbd5e""","""Chromatin histone methylation""",false
"""GSK429286A""","""f85caff9-c5ed-431f-919a-947f56b3703b""","""Cytoskeleton""",true
"""AX15836""","""cbf66512-7c37-4475-a87a-8eabd3e8ad37""","""ERK MAPK signaling""",false
"""CZC24832""","""db173aad-f9c6-4902-a577-1f28e72ae2e9""","""PI3K/MTOR signaling""",false
"""LTT462""","""37a8f415-d906-4007-b21c-b084986c56eb""","""ERK MAPK signaling""",false
"""EPZ020411""","""f03e08a0-6209-4823-baae-0a985fa8f8f7""","""Chromatin histone methylation""",false
"""KH-CB19""","""fc94e338-8f40-4291-b9de-c28d9e310f65""","""Other, kinases""",false
"""OF-1""","""a4dd6c4c-38a1-4553-a97f-8a774d58b0f1""","""Chromatin histone acetylation""",false
"""WZ4003""","""419cefe4-cc47-4efb-a4cd-5855f5984171""","""Other, kinases""",false
"""GSK343""","""4475cb37-7c51-4700-9bf7-99a2d5fa48c7""","""Chromatin histone methylation""",false
"""QS11""","""55333c8f-2b3e-4b33-86f2-7ec90df3b986""","""Other""",true
"""AZD1152-HQPA""","""bbf0e9f9-7b7f-4d14-b559-3efd53a15b2f""","""Mitosis""",false
"""Topotecan""","""ad5b2e33-38a4-45ef-848a-f7fe9466db5e""","""DNA replication""",false
"""VE-822""","""e0e883b3-86a1-4c9a-a74d-a60130238c8a""","""Genome integrity""",false
"""Filgotinib""","""b92989ff-0d5d-40d4-a6eb-289e2f1c97d0""","""Other, kinases""",false
"""IC-87114""","""ccdca075-cf76-4523-bcb8-c5b0df982f37""","""PI3K/MTOR signaling""",true
"""JNJ38877605""","""5f148cfc-d997-4899-9e2c-3e6e517feaa8""","""RTK signaling""",true
"""BDP-00009066""","""e4bfdb68-68ad-4096-bc24-fb9b902ce3d3""","""Cytoskeleton""",false
"""AZD1208""","""5e1ecdb1-e2c3-4eac-8940-02fe9c1c2411""","""Other, kinases""",true
"""TAK-715""","""934efa87-4095-44bd-8977-b5fccf378dfb""","""JNK and p38 signaling""",true
"""T0901317""","""d8e6a00d-61d4-4d00-a65e-0e173252371c""","""Other""",true
"""BIX02189""","""736e474a-d8f7-4530-85a3-ca1466e78dc1""","""ERK MAPK signaling""",true
"""OSI-930""","""7e979e31-ae95-4084-9d91-ce9cfc7db893""","""RTK signaling""",true
"""XMD11-85h""","""4eba6397-ba48-49a6-8446-0b7d06a67b4e""","""Other, kinases""",true
"""JAK1_3715""","""9ca2588e-a85c-4e82-a5b1-f10c91273cff""","""Other, kinases""",true
"""XMD13-2""","""b6530716-ad17-446d-aa03-3e9aee450686""","""Apoptosis regulation""",true
"""XMD8-92""","""502a7107-f5f8-4893-9ceb-848dff78a86b""","""ERK MAPK signaling""",true
"""PHA-665752""","""24b28b75-7b9f-475c-b2c6-9a8ebda49c02""","""RTK signaling""",true
"""GSK2830371A""","""11471cda-55db-43c1-9bc4-5a0764e5de80""","""Other""",false
"""GSK1070916""","""7fbb57c9-bd5e-4e00-b952-0510b8dd5e8b""","""Mitosis""",true
"""JNK-9L""","""67a870aa-4f99-44cb-a9b5-e67ff8169f72""","""JNK and p38 signaling""",true
"""KIN001-266""","""b3a38032-6adc-4fc9-b9ba-be487b70fcc5""","""ERK MAPK signaling""",true
"""Genentech Cpd 10""","""33e71ed3-0809-414f-a975-7c41cf4ee969""","""Mitosis""",true
"""JW-7-24-1""","""0b26047e-9e04-4bca-856f-064fe8e0fadb""","""Other, kinases""",true
"""Tofacitinib""","""35b7b5e1-28fa-48c5-b495-a9df75fe88d8""","""Other, kinases""",false
"""Y-39983""","""1d6025e4-fe84-4b01-8995-c00c43d4e6a2""","""Cytoskeleton""",true
"""NSC617145""","""a06f9c7a-a0f0-404b-b49b-40008ec9905c""","""Genome integrity""",false
"""CPI-637""","""9262548f-4a22-4cd4-888e-72f0d9673546""","""Chromatin histone methylation""",false
"""BMS-345541""","""60802ac5-2b31-44d2-96f8-a2ac1e038e41""","""Other""",true
"""CDK12_8969""","""cb1c784a-17c3-46f7-b7c9-bb287e7bbba6""","""Cell cycle""",false
"""SZL-P1-41""","""fdda6c6b-1ada-4d02-8eaa-b7a58257e9de""","""Protein stability and degradation""",false
"""NSC-624206""","""f04e80b5-48f6-4cc0-8a54-0c5bcfe004dd""","""Protein stability and degradation""",false
"""Verteporfin""","""a9edb87f-89c2-49d2-9328-7b440bc4af83""","""Other""",false
"""LFM-A13""","""970aae98-ccf5-4e11-905f-53bc5860d3b8""","""Other, kinases""",true
"""PF-4708671""","""0328dbec-a254-4019-9ba6-a7b8134c317b""","""PI3K/MTOR signaling""",true
"""IRAK1-4-Inhibitor-I""","""490709b0-69f6-487d-a8cb-7e6d7964153d""","""Other, kinases""",false
"""FMK""","""ab2624ab-1686-4447-8bf8-d9de38661093""","""Other, kinases""",true
"""NG-25""","""fe026780-9670-4164-8717-dbb126b37ab6""","""Other, kinases""",true
"""ZG-10""","""f404ef27-1438-460a-9631-9a6a43560c6b""","""JNK and p38 signaling""",true
"""QL-XI-92""","""3c797278-ad73-4045-9aee-bcd5945a3a93""","""Cytoskeleton""",true
"""SF1670""","""0903f68d-7ea9-41d2-9a58-13c42d4eff6f""","""PI3K/MTOR signaling""",false
"""OTX015""","""102bd4e9-97b5-4a57-9887-ead072240ac3""","""Chromatin other""",false
"""GSK923295""","""3760122d-a1e2-4a28-8951-9250ab82c6c9""","""Cytoskeleton""",true
"""QL-XII-47""","""df0a471d-86da-4541-a72b-1afbb6d605d0""","""Other, kinases""",true
"""5-azacytidine""","""9ecf6808-35e9-41f7-8a07-b80d09e8db92""","""Other""",false
"""SU11274""","""247aa562-cdc9-4c62-9c36-4155656a2fed""","""RTK signaling""",true
"""CMK""","""b365610b-f5b3-41c1-a778-037e2021b53f""","""Other, kinases""",true
"""PCI-34051""","""ba376117-b676-4433-9a37-b71986331632""","""Chromatin histone acetylation""",false
"""CB-839""","""e28221de-e143-4921-9641-6ca5364bda59""","""Other""",false
"""Salubrinal""","""d08aac4f-51d0-4b80-9162-74b7394d5f67""","""Other""",true
"""NSC635973""","""6bd2a781-a457-43cd-a0e4-67b62e24a453""","""ERK MAPK signaling""",false
"""Nazartinib""","""5cefc688-cfad-4237-8868-51fbefd8ebd4""","""EGFR signaling""",false
"""UNC0379""","""10604d67-029f-4594-8c0e-4f83e448d3db""","""Chromatin histone methylation""",false
"""Niraparib""","""3b25e522-a32c-4b81-9bfe-187cc469d096""","""Genome integrity""",false
"""Quercetin""","""2d5c07c9-adcf-42b6-abe6-a36e2762c8b0""","""PI3K/MTOR signaling""",false
"""UNC1999""","""87bd2993-0a2b-4a47-967c-16298781aeb8""","""Chromatin histone methylation""",false
"""BAY-87-2243""","""9b99719a-1d7a-4911-89e2-5730ffea1e8c""","""Other""",false
"""AZ960""","""b766f749-062e-4ea2-9724-792aa2fafb2a""","""Other, kinases""",false
"""Glipizide""","""5a324007-c5d9-4d8a-8411-88fb8247c3b5""","""Other""",true
"""Splitomycin""","""47f2b4b2-1364-4c34-854f-574c2bc3213f""","""Chromatin histone acetylation""",true
"""LY2109761""","""df25db9b-335d-459f-b144-69cd9591f70d""","""Other""",false
"""Leflunomide""","""54412b65-44c0-43e0-aac6-6eb6b8b588de""","""DNA replication""",false
"""GSK2606414""","""f332a583-5fb0-42a9-aeb3-1951e93ba8e4""","""Metabolism""",false
"""RI-1""","""0c266f29-bc2a-4ce9-8a6c-7b242fd3058d""","""Genome integrity""",false
"""IWP-2""","""b0a86883-c602-404a-a338-1fde01846561""","""WNT signaling""",false
"""XL413""","""2e0afcc0-7f01-42e8-90e1-1b56148e1641""","""Cell cycle""",false
"""Phenergan""","""54c1ca29-0a54-461b-a3e8-33b12afbe6bf""","""Other""",false
"""Selinexor""","""3be6693e-fb51-4d71-b792-6e481d871dd6""","""Other""",false
"""PF-477736""","""d069de52-a592-40e5-8cfc-a0ca127d8231""","""Other""",false
"""Panzem""","""26572bdc-1ea2-4ac3-9d80-0e67c8fcacca""","""Hormone-related""",false
"""Rabusertib""","""3707ce06-5ed7-4e79-8281-c1a7f072ffc8""","""Cell cycle""",false
"""CCT241533""","""0743f125-4cad-4f3b-9c95-55e4a97cef4f""","""Cell cycle""",false
"""Galunisertib""","""ac3f29d9-9c5a-4db3-bce8-76e3c1913224""","""RTK signaling""",false